image_id,image_path,mask_MA,mask_HE,mask_EX,mask_SE
IDRiD_01,/content/drive/MyDrive/DR_Project/datasets/IDRiD/A. Segmentation/1. Original Images/a. Training Set/IDRiD_01.jpg,/content/drive/MyDrive/DR_Project/datasets/IDRiD/A. Segmentation/2. All Segmentation Groundtruths/a. Training Set/1. Microaneurysms/IDRiD_01_MA.tif,/content/drive/MyDrive/DR_Project/datasets/IDRiD/A. Segmentation/2. All Segmentation Groundtruths/a. Training Set/2. Haemorrhages/IDRiD_01_HE.tif,/content/drive/MyDrive/DR_Project/datasets/IDRiD/A. Segmentation/2. All Segmentation Groundtruths/a. Training Set/3. Hard Exudates/IDRiD_01_EX.tif,
IDRiD_02,/content/drive/MyDrive/DR_Project/datasets/IDRiD/A. Segmentation/1. Original Images/a. Training Set/IDRiD_02.jpg,/content/drive/MyDrive/DR_Project/datasets/IDRiD/A. Segmentation/2. All Segmentation Groundtruths/a. Training Set/1. Microaneurysms/IDRiD_02_MA.tif,/content/drive/MyDrive/DR_Project/datasets/IDRiD/A. Segmentation/2. All Segmentation Groundtruths/a. Training Set/2. Haemorrhages/IDRiD_02_HE.tif,/content/drive/MyDrive/DR_Project/datasets/IDRiD/A. Segmentation/2. All Segmentation Groundtruths/a. Training Set/3. Hard Exudates/IDRiD_02_EX.tif,
IDRiD_03,/content/drive/MyDrive/DR_Project/datasets/IDRiD/A. Segmentation/1. Original Images/a. Training Set/IDRiD_03.jpg,/content/drive/MyDrive/DR_Project/datasets/IDRiD/A. Segmentation/2. All Segmentation Groundtruths/a. Training Set/1. Microaneurysms/IDRiD_03_MA.tif,/content/drive/MyDrive/DR_Project/datasets/IDRiD/A. Segmentation/2. All Segmentation Groundtruths/a. Training Set/2. Haemorrhages/IDRiD_03_HE.tif,/content/drive/MyDrive/DR_Project/datasets/IDRiD/A. Segmentation/2. All Segmentation Groundtruths/a. Training Set/3. Hard Exudates/IDRiD_03_EX.tif,/content/drive/MyDrive/DR_Project/datasets/IDRiD/A. Segmentation/2. All Segmentation Groundtruths/a. Training Set/4. Soft Exudates/IDRiD_03_SE.tif
IDRiD_04,/content/drive/MyDrive/DR_Project/datasets/IDRiD/A. Segmentation/1. Original Images/a. Training Set/IDRiD_04.jpg,/content/drive/MyDrive/DR_Project/datasets/IDRiD/A. Segmentation/2. All Segmentation Groundtruths/a. Training Set/1. Microaneurysms/IDRiD_04_MA.tif,/content/drive/MyDrive/DR_Project/datasets/IDRiD/A. Segmentation/2. All Segmentation Groundtruths/a. Training Set/2. Haemorrhages/IDRiD_04_HE.tif,/content/drive/MyDrive/DR_Project/datasets/IDRiD/A. Segmentation/2. All Segmentation Groundtruths/a. Training Set/3. Hard Exudates/IDRiD_04_EX.tif,
IDRiD_05,/content/drive/MyDrive/DR_Project/datasets/IDRiD/A. Segmentation/1. Original Images/a. Training Set/IDRiD_05.jpg,/content/drive/MyDrive/DR_Project/datasets/IDRiD/A. Segmentation/2. All Segmentation Groundtruths/a. Training Set/1. Microaneurysms/IDRiD_05_MA.tif,/content/drive/MyDrive/DR_Project/datasets/IDRiD/A. Segmentation/2. All Segmentation Groundtruths/a. Training Set/2. Haemorrhages/IDRiD_05_HE.tif,/content/drive/MyDrive/DR_Project/datasets/IDRiD/A. Segmentation/2. All Segmentation Groundtruths/a. Training Set/3. Hard Exudates/IDRiD_05_EX.tif,
IDRiD_06,/content/drive/MyDrive/DR_Project/datasets/IDRiD/A. Segmentation/1. Original Images/a. Training Set/IDRiD_06.jpg,/content/drive/MyDrive/DR_Project/datasets/IDRiD/A. Segmentation/2. All Segmentation Groundtruths/a. Training Set/1. Microaneurysms/IDRiD_06_MA.tif,/content/drive/MyDrive/DR_Project/datasets/IDRiD/A. Segmentation/2. All Segmentation Groundtruths/a. Training Set/2. Haemorrhages/IDRiD_06_HE.tif,/content/drive/MyDrive/DR_Project/datasets/IDRiD/A. Segmentation/2. All Segmentation Groundtruths/a. Training Set/3. Hard Exudates/IDRiD_06_EX.tif,
IDRiD_07,/content/drive/MyDrive/DR_Project/datasets/IDRiD/A. Segmentation/1. Original Images/a. Training Set/IDRiD_07.jpg,/content/drive/MyDrive/DR_Project/datasets/IDRiD/A. Segmentation/2. All Segmentation Groundtruths/a. Training Set/1. Microaneurysms/IDRiD_07_MA.tif,/content/drive/MyDrive/DR_Project/datasets/IDRiD/A. Segmentation/2. All Segmentation Groundtruths/a. Training Set/2. Haemorrhages/IDRiD_07_HE.tif,/content/drive/MyDrive/DR_Project/datasets/IDRiD/A. Segmentation/2. All Segmentation Groundtruths/a. Training Set/3. Hard Exudates/IDRiD_07_EX.tif,
IDRiD_08,/content/drive/MyDrive/DR_Project/datasets/IDRiD/A. Segmentation/1. Original Images/a. Training Set/IDRiD_08.jpg,/content/drive/MyDrive/DR_Project/datasets/IDRiD/A. Segmentation/2. All Segmentation Groundtruths/a. Training Set/1. Microaneurysms/IDRiD_08_MA.tif,/content/drive/MyDrive/DR_Project/datasets/IDRiD/A. Segmentation/2. All Segmentation Groundtruths/a. Training Set/2. Haemorrhages/IDRiD_08_HE.tif,/content/drive/MyDrive/DR_Project/datasets/IDRiD/A. Segmentation/2. All Segmentation Groundtruths/a. Training Set/3. Hard Exudates/IDRiD_08_EX.tif,/content/drive/MyDrive/DR_Project/datasets/IDRiD/A. Segmentation/2. All Segmentation Groundtruths/a. Training Set/4. Soft Exudates/IDRiD_08_SE.tif
IDRiD_09,/content/drive/MyDrive/DR_Project/datasets/IDRiD/A. Segmentation/1. Original Images/a. Training Set/IDRiD_09.jpg,/content/drive/MyDrive/DR_Project/datasets/IDRiD/A. Segmentation/2. All Segmentation Groundtruths/a. Training Set/1. Microaneurysms/IDRiD_09_MA.tif,/content/drive/MyDrive/DR_Project/datasets/IDRiD/A. Segmentation/2. All Segmentation Groundtruths/a. Training Set/2. Haemorrhages/IDRiD_09_HE.tif,/content/drive/MyDrive/DR_Project/datasets/IDRiD/A. Segmentation/2. All Segmentation Groundtruths/a. Training Set/3. Hard Exudates/IDRiD_09_EX.tif,
IDRiD_10,/content/drive/MyDrive/DR_Project/datasets/IDRiD/A. Segmentation/1. Original Images/a. Training Set/IDRiD_10.jpg,/content/drive/MyDrive/DR_Project/datasets/IDRiD/A. Segmentation/2. All Segmentation Groundtruths/a. Training Set/1. Microaneurysms/IDRiD_10_MA.tif,/content/drive/MyDrive/DR_Project/datasets/IDRiD/A. Segmentation/2. All Segmentation Groundtruths/a. Training Set/2. Haemorrhages/IDRiD_10_HE.tif,/content/drive/MyDrive/DR_Project/datasets/IDRiD/A. Segmentation/2. All Segmentation Groundtruths/a. Training Set/3. Hard Exudates/IDRiD_10_EX.tif,
IDRiD_11,/content/drive/MyDrive/DR_Project/datasets/IDRiD/A. Segmentation/1. Original Images/a. Training Set/IDRiD_11.jpg,/content/drive/MyDrive/DR_Project/datasets/IDRiD/A. Segmentation/2. All Segmentation Groundtruths/a. Training Set/1. Microaneurysms/IDRiD_11_MA.tif,/content/drive/MyDrive/DR_Project/datasets/IDRiD/A. Segmentation/2. All Segmentation Groundtruths/a. Training Set/2. Haemorrhages/IDRiD_11_HE.tif,/content/drive/MyDrive/DR_Project/datasets/IDRiD/A. Segmentation/2. All Segmentation Groundtruths/a. Training Set/3. Hard Exudates/IDRiD_11_EX.tif,
IDRiD_12,/content/drive/MyDrive/DR_Project/datasets/IDRiD/A. Segmentation/1. Original Images/a. Training Set/IDRiD_12.jpg,/content/drive/MyDrive/DR_Project/datasets/IDRiD/A. Segmentation/2. All Segmentation Groundtruths/a. Training Set/1. Microaneurysms/IDRiD_12_MA.tif,/content/drive/MyDrive/DR_Project/datasets/IDRiD/A. Segmentation/2. All Segmentation Groundtruths/a. Training Set/2. Haemorrhages/IDRiD_12_HE.tif,/content/drive/MyDrive/DR_Project/datasets/IDRiD/A. Segmentation/2. All Segmentation Groundtruths/a. Training Set/3. Hard Exudates/IDRiD_12_EX.tif,
IDRiD_13,/content/drive/MyDrive/DR_Project/datasets/IDRiD/A. Segmentation/1. Original Images/a. Training Set/IDRiD_13.jpg,/content/drive/MyDrive/DR_Project/datasets/IDRiD/A. Segmentation/2. All Segmentation Groundtruths/a. Training Set/1. Microaneurysms/IDRiD_13_MA.tif,/content/drive/MyDrive/DR_Project/datasets/IDRiD/A. Segmentation/2. All Segmentation Groundtruths/a. Training Set/2. Haemorrhages/IDRiD_13_HE.tif,/content/drive/MyDrive/DR_Project/datasets/IDRiD/A. Segmentation/2. All Segmentation Groundtruths/a. Training Set/3. Hard Exudates/IDRiD_13_EX.tif,/content/drive/MyDrive/DR_Project/datasets/IDRiD/A. Segmentation/2. All Segmentation Groundtruths/a. Training Set/4. Soft Exudates/IDRiD_13_SE.tif
IDRiD_14,/content/drive/MyDrive/DR_Project/datasets/IDRiD/A. Segmentation/1. Original Images/a. Training Set/IDRiD_14.jpg,/content/drive/MyDrive/DR_Project/datasets/IDRiD/A. Segmentation/2. All Segmentation Groundtruths/a. Training Set/1. Microaneurysms/IDRiD_14_MA.tif,/content/drive/MyDrive/DR_Project/datasets/IDRiD/A. Segmentation/2. All Segmentation Groundtruths/a. Training Set/2. Haemorrhages/IDRiD_14_HE.tif,/content/drive/MyDrive/DR_Project/datasets/IDRiD/A. Segmentation/2. All Segmentation Groundtruths/a. Training Set/3. Hard Exudates/IDRiD_14_EX.tif,/content/drive/MyDrive/DR_Project/datasets/IDRiD/A. Segmentation/2. All Segmentation Groundtruths/a. Training Set/4. Soft Exudates/IDRiD_14_SE.tif
IDRiD_15,/content/drive/MyDrive/DR_Project/datasets/IDRiD/A. Segmentation/1. Original Images/a. Training Set/IDRiD_15.jpg,/content/drive/MyDrive/DR_Project/datasets/IDRiD/A. Segmentation/2. All Segmentation Groundtruths/a. Training Set/1. Microaneurysms/IDRiD_15_MA.tif,/content/drive/MyDrive/DR_Project/datasets/IDRiD/A. Segmentation/2. All Segmentation Groundtruths/a. Training Set/2. Haemorrhages/IDRiD_15_HE.tif,/content/drive/MyDrive/DR_Project/datasets/IDRiD/A. Segmentation/2. All Segmentation Groundtruths/a. Training Set/3. Hard Exudates/IDRiD_15_EX.tif,
IDRiD_16,/content/drive/MyDrive/DR_Project/datasets/IDRiD/A. Segmentation/1. Original Images/a. Training Set/IDRiD_16.jpg,/content/drive/MyDrive/DR_Project/datasets/IDRiD/A. Segmentation/2. All Segmentation Groundtruths/a. Training Set/1. Microaneurysms/IDRiD_16_MA.tif,/content/drive/MyDrive/DR_Project/datasets/IDRiD/A. Segmentation/2. All Segmentation Groundtruths/a. Training Set/2. Haemorrhages/IDRiD_16_HE.tif,/content/drive/MyDrive/DR_Project/datasets/IDRiD/A. Segmentation/2. All Segmentation Groundtruths/a. Training Set/3. Hard Exudates/IDRiD_16_EX.tif,
IDRiD_17,/content/drive/MyDrive/DR_Project/datasets/IDRiD/A. Segmentation/1. Original Images/a. Training Set/IDRiD_17.jpg,/content/drive/MyDrive/DR_Project/datasets/IDRiD/A. Segmentation/2. All Segmentation Groundtruths/a. Training Set/1. Microaneurysms/IDRiD_17_MA.tif,/content/drive/MyDrive/DR_Project/datasets/IDRiD/A. Segmentation/2. All Segmentation Groundtruths/a. Training Set/2. Haemorrhages/IDRiD_17_HE.tif,/content/drive/MyDrive/DR_Project/datasets/IDRiD/A. Segmentation/2. All Segmentation Groundtruths/a. Training Set/3. Hard Exudates/IDRiD_17_EX.tif,/content/drive/MyDrive/DR_Project/datasets/IDRiD/A. Segmentation/2. All Segmentation Groundtruths/a. Training Set/4. Soft Exudates/IDRiD_17_SE.tif
IDRiD_18,/content/drive/MyDrive/DR_Project/datasets/IDRiD/A. Segmentation/1. Original Images/a. Training Set/IDRiD_18.jpg,/content/drive/MyDrive/DR_Project/datasets/IDRiD/A. Segmentation/2. All Segmentation Groundtruths/a. Training Set/1. Microaneurysms/IDRiD_18_MA.tif,/content/drive/MyDrive/DR_Project/datasets/IDRiD/A. Segmentation/2. All Segmentation Groundtruths/a. Training Set/2. Haemorrhages/IDRiD_18_HE.tif,/content/drive/MyDrive/DR_Project/datasets/IDRiD/A. Segmentation/2. All Segmentation Groundtruths/a. Training Set/3. Hard Exudates/IDRiD_18_EX.tif,/content/drive/MyDrive/DR_Project/datasets/IDRiD/A. Segmentation/2. All Segmentation Groundtruths/a. Training Set/4. Soft Exudates/IDRiD_18_SE.tif
IDRiD_19,/content/drive/MyDrive/DR_Project/datasets/IDRiD/A. Segmentation/1. Original Images/a. Training Set/IDRiD_19.jpg,/content/drive/MyDrive/DR_Project/datasets/IDRiD/A. Segmentation/2. All Segmentation Groundtruths/a. Training Set/1. Microaneurysms/IDRiD_19_MA.tif,/content/drive/MyDrive/DR_Project/datasets/IDRiD/A. Segmentation/2. All Segmentation Groundtruths/a. Training Set/2. Haemorrhages/IDRiD_19_HE.tif,/content/drive/MyDrive/DR_Project/datasets/IDRiD/A. Segmentation/2. All Segmentation Groundtruths/a. Training Set/3. Hard Exudates/IDRiD_19_EX.tif,/content/drive/MyDrive/DR_Project/datasets/IDRiD/A. Segmentation/2. All Segmentation Groundtruths/a. Training Set/4. Soft Exudates/IDRiD_19_SE.tif
IDRiD_20,/content/drive/MyDrive/DR_Project/datasets/IDRiD/A. Segmentation/1. Original Images/a. Training Set/IDRiD_20.jpg,/content/drive/MyDrive/DR_Project/datasets/IDRiD/A. Segmentation/2. All Segmentation Groundtruths/a. Training Set/1. Microaneurysms/IDRiD_20_MA.tif,/content/drive/MyDrive/DR_Project/datasets/IDRiD/A. Segmentation/2. All Segmentation Groundtruths/a. Training Set/2. Haemorrhages/IDRiD_20_HE.tif,/content/drive/MyDrive/DR_Project/datasets/IDRiD/A. Segmentation/2. All Segmentation Groundtruths/a. Training Set/3. Hard Exudates/IDRiD_20_EX.tif,
IDRiD_21,/content/drive/MyDrive/DR_Project/datasets/IDRiD/A. Segmentation/1. Original Images/a. Training Set/IDRiD_21.jpg,/content/drive/MyDrive/DR_Project/datasets/IDRiD/A. Segmentation/2. All Segmentation Groundtruths/a. Training Set/1. Microaneurysms/IDRiD_21_MA.tif,/content/drive/MyDrive/DR_Project/datasets/IDRiD/A. Segmentation/2. All Segmentation Groundtruths/a. Training Set/2. Haemorrhages/IDRiD_21_HE.tif,/content/drive/MyDrive/DR_Project/datasets/IDRiD/A. Segmentation/2. All Segmentation Groundtruths/a. Training Set/3. Hard Exudates/IDRiD_21_EX.tif,
IDRiD_22,/content/drive/MyDrive/DR_Project/datasets/IDRiD/A. Segmentation/1. Original Images/a. Training Set/IDRiD_22.jpg,/content/drive/MyDrive/DR_Project/datasets/IDRiD/A. Segmentation/2. All Segmentation Groundtruths/a. Training Set/1. Microaneurysms/IDRiD_22_MA.tif,/content/drive/MyDrive/DR_Project/datasets/IDRiD/A. Segmentation/2. All Segmentation Groundtruths/a. Training Set/2. Haemorrhages/IDRiD_22_HE.tif,/content/drive/MyDrive/DR_Project/datasets/IDRiD/A. Segmentation/2. All Segmentation Groundtruths/a. Training Set/3. Hard Exudates/IDRiD_22_EX.tif,/content/drive/MyDrive/DR_Project/datasets/IDRiD/A. Segmentation/2. All Segmentation Groundtruths/a. Training Set/4. Soft Exudates/IDRiD_22_SE.tif
IDRiD_23,/content/drive/MyDrive/DR_Project/datasets/IDRiD/A. Segmentation/1. Original Images/a. Training Set/IDRiD_23.jpg,/content/drive/MyDrive/DR_Project/datasets/IDRiD/A. Segmentation/2. All Segmentation Groundtruths/a. Training Set/1. Microaneurysms/IDRiD_23_MA.tif,/content/drive/MyDrive/DR_Project/datasets/IDRiD/A. Segmentation/2. All Segmentation Groundtruths/a. Training Set/2. Haemorrhages/IDRiD_23_HE.tif,/content/drive/MyDrive/DR_Project/datasets/IDRiD/A. Segmentation/2. All Segmentation Groundtruths/a. Training Set/3. Hard Exudates/IDRiD_23_EX.tif,/content/drive/MyDrive/DR_Project/datasets/IDRiD/A. Segmentation/2. All Segmentation Groundtruths/a. Training Set/4. Soft Exudates/IDRiD_23_SE.tif
IDRiD_24,/content/drive/MyDrive/DR_Project/datasets/IDRiD/A. Segmentation/1. Original Images/a. Training Set/IDRiD_24.jpg,/content/drive/MyDrive/DR_Project/datasets/IDRiD/A. Segmentation/2. All Segmentation Groundtruths/a. Training Set/1. Microaneurysms/IDRiD_24_MA.tif,/content/drive/MyDrive/DR_Project/datasets/IDRiD/A. Segmentation/2. All Segmentation Groundtruths/a. Training Set/2. Haemorrhages/IDRiD_24_HE.tif,/content/drive/MyDrive/DR_Project/datasets/IDRiD/A. Segmentation/2. All Segmentation Groundtruths/a. Training Set/3. Hard Exudates/IDRiD_24_EX.tif,
IDRiD_25,/content/drive/MyDrive/DR_Project/datasets/IDRiD/A. Segmentation/1. Original Images/a. Training Set/IDRiD_25.jpg,/content/drive/MyDrive/DR_Project/datasets/IDRiD/A. Segmentation/2. All Segmentation Groundtruths/a. Training Set/1. Microaneurysms/IDRiD_25_MA.tif,/content/drive/MyDrive/DR_Project/datasets/IDRiD/A. Segmentation/2. All Segmentation Groundtruths/a. Training Set/2. Haemorrhages/IDRiD_25_HE.tif,/content/drive/MyDrive/DR_Project/datasets/IDRiD/A. Segmentation/2. All Segmentation Groundtruths/a. Training Set/3. Hard Exudates/IDRiD_25_EX.tif,/content/drive/MyDrive/DR_Project/datasets/IDRiD/A. Segmentation/2. All Segmentation Groundtruths/a. Training Set/4. Soft Exudates/IDRiD_25_SE.tif
IDRiD_26,/content/drive/MyDrive/DR_Project/datasets/IDRiD/A. Segmentation/1. Original Images/a. Training Set/IDRiD_26.jpg,/content/drive/MyDrive/DR_Project/datasets/IDRiD/A. Segmentation/2. All Segmentation Groundtruths/a. Training Set/1. Microaneurysms/IDRiD_26_MA.tif,/content/drive/MyDrive/DR_Project/datasets/IDRiD/A. Segmentation/2. All Segmentation Groundtruths/a. Training Set/2. Haemorrhages/IDRiD_26_HE.tif,/content/drive/MyDrive/DR_Project/datasets/IDRiD/A. Segmentation/2. All Segmentation Groundtruths/a. Training Set/3. Hard Exudates/IDRiD_26_EX.tif,
IDRiD_27,/content/drive/MyDrive/DR_Project/datasets/IDRiD/A. Segmentation/1. Original Images/a. Training Set/IDRiD_27.jpg,/content/drive/MyDrive/DR_Project/datasets/IDRiD/A. Segmentation/2. All Segmentation Groundtruths/a. Training Set/1. Microaneurysms/IDRiD_27_MA.tif,/content/drive/MyDrive/DR_Project/datasets/IDRiD/A. Segmentation/2. All Segmentation Groundtruths/a. Training Set/2. Haemorrhages/IDRiD_27_HE.tif,/content/drive/MyDrive/DR_Project/datasets/IDRiD/A. Segmentation/2. All Segmentation Groundtruths/a. Training Set/3. Hard Exudates/IDRiD_27_EX.tif,
IDRiD_28,/content/drive/MyDrive/DR_Project/datasets/IDRiD/A. Segmentation/1. Original Images/a. Training Set/IDRiD_28.jpg,/content/drive/MyDrive/DR_Project/datasets/IDRiD/A. Segmentation/2. All Segmentation Groundtruths/a. Training Set/1. Microaneurysms/IDRiD_28_MA.tif,/content/drive/MyDrive/DR_Project/datasets/IDRiD/A. Segmentation/2. All Segmentation Groundtruths/a. Training Set/2. Haemorrhages/IDRiD_28_HE.tif,/content/drive/MyDrive/DR_Project/datasets/IDRiD/A. Segmentation/2. All Segmentation Groundtruths/a. Training Set/3. Hard Exudates/IDRiD_28_EX.tif,
IDRiD_29,/content/drive/MyDrive/DR_Project/datasets/IDRiD/A. Segmentation/1. Original Images/a. Training Set/IDRiD_29.jpg,/content/drive/MyDrive/DR_Project/datasets/IDRiD/A. Segmentation/2. All Segmentation Groundtruths/a. Training Set/1. Microaneurysms/IDRiD_29_MA.tif,/content/drive/MyDrive/DR_Project/datasets/IDRiD/A. Segmentation/2. All Segmentation Groundtruths/a. Training Set/2. Haemorrhages/IDRiD_29_HE.tif,/content/drive/MyDrive/DR_Project/datasets/IDRiD/A. Segmentation/2. All Segmentation Groundtruths/a. Training Set/3. Hard Exudates/IDRiD_29_EX.tif,
IDRiD_30,/content/drive/MyDrive/DR_Project/datasets/IDRiD/A. Segmentation/1. Original Images/a. Training Set/IDRiD_30.jpg,/content/drive/MyDrive/DR_Project/datasets/IDRiD/A. Segmentation/2. All Segmentation Groundtruths/a. Training Set/1. Microaneurysms/IDRiD_30_MA.tif,/content/drive/MyDrive/DR_Project/datasets/IDRiD/A. Segmentation/2. All Segmentation Groundtruths/a. Training Set/2. Haemorrhages/IDRiD_30_HE.tif,/content/drive/MyDrive/DR_Project/datasets/IDRiD/A. Segmentation/2. All Segmentation Groundtruths/a. Training Set/3. Hard Exudates/IDRiD_30_EX.tif,/content/drive/MyDrive/DR_Project/datasets/IDRiD/A. Segmentation/2. All Segmentation Groundtruths/a. Training Set/4. Soft Exudates/IDRiD_30_SE.tif
IDRiD_31,/content/drive/MyDrive/DR_Project/datasets/IDRiD/A. Segmentation/1. Original Images/a. Training Set/IDRiD_31.jpg,/content/drive/MyDrive/DR_Project/datasets/IDRiD/A. Segmentation/2. All Segmentation Groundtruths/a. Training Set/1. Microaneurysms/IDRiD_31_MA.tif,/content/drive/MyDrive/DR_Project/datasets/IDRiD/A. Segmentation/2. All Segmentation Groundtruths/a. Training Set/2. Haemorrhages/IDRiD_31_HE.tif,/content/drive/MyDrive/DR_Project/datasets/IDRiD/A. Segmentation/2. All Segmentation Groundtruths/a. Training Set/3. Hard Exudates/IDRiD_31_EX.tif,/content/drive/MyDrive/DR_Project/datasets/IDRiD/A. Segmentation/2. All Segmentation Groundtruths/a. Training Set/4. Soft Exudates/IDRiD_31_SE.tif
IDRiD_32,/content/drive/MyDrive/DR_Project/datasets/IDRiD/A. Segmentation/1. Original Images/a. Training Set/IDRiD_32.jpg,/content/drive/MyDrive/DR_Project/datasets/IDRiD/A. Segmentation/2. All Segmentation Groundtruths/a. Training Set/1. Microaneurysms/IDRiD_32_MA.tif,/content/drive/MyDrive/DR_Project/datasets/IDRiD/A. Segmentation/2. All Segmentation Groundtruths/a. Training Set/2. Haemorrhages/IDRiD_32_HE.tif,/content/drive/MyDrive/DR_Project/datasets/IDRiD/A. Segmentation/2. All Segmentation Groundtruths/a. Training Set/3. Hard Exudates/IDRiD_32_EX.tif,/content/drive/MyDrive/DR_Project/datasets/IDRiD/A. Segmentation/2. All Segmentation Groundtruths/a. Training Set/4. Soft Exudates/IDRiD_32_SE.tif
IDRiD_33,/content/drive/MyDrive/DR_Project/datasets/IDRiD/A. Segmentation/1. Original Images/a. Training Set/IDRiD_33.jpg,/content/drive/MyDrive/DR_Project/datasets/IDRiD/A. Segmentation/2. All Segmentation Groundtruths/a. Training Set/1. Microaneurysms/IDRiD_33_MA.tif,/content/drive/MyDrive/DR_Project/datasets/IDRiD/A. Segmentation/2. All Segmentation Groundtruths/a. Training Set/2. Haemorrhages/IDRiD_33_HE.tif,/content/drive/MyDrive/DR_Project/datasets/IDRiD/A. Segmentation/2. All Segmentation Groundtruths/a. Training Set/3. Hard Exudates/IDRiD_33_EX.tif,/content/drive/MyDrive/DR_Project/datasets/IDRiD/A. Segmentation/2. All Segmentation Groundtruths/a. Training Set/4. Soft Exudates/IDRiD_33_SE.tif
IDRiD_34,/content/drive/MyDrive/DR_Project/datasets/IDRiD/A. Segmentation/1. Original Images/a. Training Set/IDRiD_34.jpg,/content/drive/MyDrive/DR_Project/datasets/IDRiD/A. Segmentation/2. All Segmentation Groundtruths/a. Training Set/1. Microaneurysms/IDRiD_34_MA.tif,/content/drive/MyDrive/DR_Project/datasets/IDRiD/A. Segmentation/2. All Segmentation Groundtruths/a. Training Set/2. Haemorrhages/IDRiD_34_HE.tif,/content/drive/MyDrive/DR_Project/datasets/IDRiD/A. Segmentation/2. All Segmentation Groundtruths/a. Training Set/3. Hard Exudates/IDRiD_34_EX.tif,
IDRiD_35,/content/drive/MyDrive/DR_Project/datasets/IDRiD/A. Segmentation/1. Original Images/a. Training Set/IDRiD_35.jpg,/content/drive/MyDrive/DR_Project/datasets/IDRiD/A. Segmentation/2. All Segmentation Groundtruths/a. Training Set/1. Microaneurysms/IDRiD_35_MA.tif,/content/drive/MyDrive/DR_Project/datasets/IDRiD/A. Segmentation/2. All Segmentation Groundtruths/a. Training Set/2. Haemorrhages/IDRiD_35_HE.tif,/content/drive/MyDrive/DR_Project/datasets/IDRiD/A. Segmentation/2. All Segmentation Groundtruths/a. Training Set/3. Hard Exudates/IDRiD_35_EX.tif,/content/drive/MyDrive/DR_Project/datasets/IDRiD/A. Segmentation/2. All Segmentation Groundtruths/a. Training Set/4. Soft Exudates/IDRiD_35_SE.tif
IDRiD_36,/content/drive/MyDrive/DR_Project/datasets/IDRiD/A. Segmentation/1. Original Images/a. Training Set/IDRiD_36.jpg,/content/drive/MyDrive/DR_Project/datasets/IDRiD/A. Segmentation/2. All Segmentation Groundtruths/a. Training Set/1. Microaneurysms/IDRiD_36_MA.tif,/content/drive/MyDrive/DR_Project/datasets/IDRiD/A. Segmentation/2. All Segmentation Groundtruths/a. Training Set/2. Haemorrhages/IDRiD_36_HE.tif,/content/drive/MyDrive/DR_Project/datasets/IDRiD/A. Segmentation/2. All Segmentation Groundtruths/a. Training Set/3. Hard Exudates/IDRiD_36_EX.tif,
IDRiD_37,/content/drive/MyDrive/DR_Project/datasets/IDRiD/A. Segmentation/1. Original Images/a. Training Set/IDRiD_37.jpg,/content/drive/MyDrive/DR_Project/datasets/IDRiD/A. Segmentation/2. All Segmentation Groundtruths/a. Training Set/1. Microaneurysms/IDRiD_37_MA.tif,/content/drive/MyDrive/DR_Project/datasets/IDRiD/A. Segmentation/2. All Segmentation Groundtruths/a. Training Set/2. Haemorrhages/IDRiD_37_HE.tif,/content/drive/MyDrive/DR_Project/datasets/IDRiD/A. Segmentation/2. All Segmentation Groundtruths/a. Training Set/3. Hard Exudates/IDRiD_37_EX.tif,
IDRiD_38,/content/drive/MyDrive/DR_Project/datasets/IDRiD/A. Segmentation/1. Original Images/a. Training Set/IDRiD_38.jpg,/content/drive/MyDrive/DR_Project/datasets/IDRiD/A. Segmentation/2. All Segmentation Groundtruths/a. Training Set/1. Microaneurysms/IDRiD_38_MA.tif,/content/drive/MyDrive/DR_Project/datasets/IDRiD/A. Segmentation/2. All Segmentation Groundtruths/a. Training Set/2. Haemorrhages/IDRiD_38_HE.tif,/content/drive/MyDrive/DR_Project/datasets/IDRiD/A. Segmentation/2. All Segmentation Groundtruths/a. Training Set/3. Hard Exudates/IDRiD_38_EX.tif,/content/drive/MyDrive/DR_Project/datasets/IDRiD/A. Segmentation/2. All Segmentation Groundtruths/a. Training Set/4. Soft Exudates/IDRiD_38_SE.tif
IDRiD_39,/content/drive/MyDrive/DR_Project/datasets/IDRiD/A. Segmentation/1. Original Images/a. Training Set/IDRiD_39.jpg,/content/drive/MyDrive/DR_Project/datasets/IDRiD/A. Segmentation/2. All Segmentation Groundtruths/a. Training Set/1. Microaneurysms/IDRiD_39_MA.tif,/content/drive/MyDrive/DR_Project/datasets/IDRiD/A. Segmentation/2. All Segmentation Groundtruths/a. Training Set/2. Haemorrhages/IDRiD_39_HE.tif,/content/drive/MyDrive/DR_Project/datasets/IDRiD/A. Segmentation/2. All Segmentation Groundtruths/a. Training Set/3. Hard Exudates/IDRiD_39_EX.tif,/content/drive/MyDrive/DR_Project/datasets/IDRiD/A. Segmentation/2. All Segmentation Groundtruths/a. Training Set/4. Soft Exudates/IDRiD_39_SE.tif
IDRiD_40,/content/drive/MyDrive/DR_Project/datasets/IDRiD/A. Segmentation/1. Original Images/a. Training Set/IDRiD_40.jpg,/content/drive/MyDrive/DR_Project/datasets/IDRiD/A. Segmentation/2. All Segmentation Groundtruths/a. Training Set/1. Microaneurysms/IDRiD_40_MA.tif,/content/drive/MyDrive/DR_Project/datasets/IDRiD/A. Segmentation/2. All Segmentation Groundtruths/a. Training Set/2. Haemorrhages/IDRiD_40_HE.tif,/content/drive/MyDrive/DR_Project/datasets/IDRiD/A. Segmentation/2. All Segmentation Groundtruths/a. Training Set/3. Hard Exudates/IDRiD_40_EX.tif,
IDRiD_41,/content/drive/MyDrive/DR_Project/datasets/IDRiD/A. Segmentation/1. Original Images/a. Training Set/IDRiD_41.jpg,/content/drive/MyDrive/DR_Project/datasets/IDRiD/A. Segmentation/2. All Segmentation Groundtruths/a. Training Set/1. Microaneurysms/IDRiD_41_MA.tif,/content/drive/MyDrive/DR_Project/datasets/IDRiD/A. Segmentation/2. All Segmentation Groundtruths/a. Training Set/2. Haemorrhages/IDRiD_41_HE.tif,/content/drive/MyDrive/DR_Project/datasets/IDRiD/A. Segmentation/2. All Segmentation Groundtruths/a. Training Set/3. Hard Exudates/IDRiD_41_EX.tif,
IDRiD_42,/content/drive/MyDrive/DR_Project/datasets/IDRiD/A. Segmentation/1. Original Images/a. Training Set/IDRiD_42.jpg,/content/drive/MyDrive/DR_Project/datasets/IDRiD/A. Segmentation/2. All Segmentation Groundtruths/a. Training Set/1. Microaneurysms/IDRiD_42_MA.tif,/content/drive/MyDrive/DR_Project/datasets/IDRiD/A. Segmentation/2. All Segmentation Groundtruths/a. Training Set/2. Haemorrhages/IDRiD_42_HE.tif,/content/drive/MyDrive/DR_Project/datasets/IDRiD/A. Segmentation/2. All Segmentation Groundtruths/a. Training Set/3. Hard Exudates/IDRiD_42_EX.tif,
IDRiD_43,/content/drive/MyDrive/DR_Project/datasets/IDRiD/A. Segmentation/1. Original Images/a. Training Set/IDRiD_43.jpg,/content/drive/MyDrive/DR_Project/datasets/IDRiD/A. Segmentation/2. All Segmentation Groundtruths/a. Training Set/1. Microaneurysms/IDRiD_43_MA.tif,,/content/drive/MyDrive/DR_Project/datasets/IDRiD/A. Segmentation/2. All Segmentation Groundtruths/a. Training Set/3. Hard Exudates/IDRiD_43_EX.tif,
IDRiD_44,/content/drive/MyDrive/DR_Project/datasets/IDRiD/A. Segmentation/1. Original Images/a. Training Set/IDRiD_44.jpg,/content/drive/MyDrive/DR_Project/datasets/IDRiD/A. Segmentation/2. All Segmentation Groundtruths/a. Training Set/1. Microaneurysms/IDRiD_44_MA.tif,/content/drive/MyDrive/DR_Project/datasets/IDRiD/A. Segmentation/2. All Segmentation Groundtruths/a. Training Set/2. Haemorrhages/IDRiD_44_HE.tif,/content/drive/MyDrive/DR_Project/datasets/IDRiD/A. Segmentation/2. All Segmentation Groundtruths/a. Training Set/3. Hard Exudates/IDRiD_44_EX.tif,
IDRiD_45,/content/drive/MyDrive/DR_Project/datasets/IDRiD/A. Segmentation/1. Original Images/a. Training Set/IDRiD_45.jpg,/content/drive/MyDrive/DR_Project/datasets/IDRiD/A. Segmentation/2. All Segmentation Groundtruths/a. Training Set/1. Microaneurysms/IDRiD_45_MA.tif,/content/drive/MyDrive/DR_Project/datasets/IDRiD/A. Segmentation/2. All Segmentation Groundtruths/a. Training Set/2. Haemorrhages/IDRiD_45_HE.tif,/content/drive/MyDrive/DR_Project/datasets/IDRiD/A. Segmentation/2. All Segmentation Groundtruths/a. Training Set/3. Hard Exudates/IDRiD_45_EX.tif,
IDRiD_46,/content/drive/MyDrive/DR_Project/datasets/IDRiD/A. Segmentation/1. Original Images/a. Training Set/IDRiD_46.jpg,/content/drive/MyDrive/DR_Project/datasets/IDRiD/A. Segmentation/2. All Segmentation Groundtruths/a. Training Set/1. Microaneurysms/IDRiD_46_MA.tif,/content/drive/MyDrive/DR_Project/datasets/IDRiD/A. Segmentation/2. All Segmentation Groundtruths/a. Training Set/2. Haemorrhages/IDRiD_46_HE.tif,/content/drive/MyDrive/DR_Project/datasets/IDRiD/A. Segmentation/2. All Segmentation Groundtruths/a. Training Set/3. Hard Exudates/IDRiD_46_EX.tif,/content/drive/MyDrive/DR_Project/datasets/IDRiD/A. Segmentation/2. All Segmentation Groundtruths/a. Training Set/4. Soft Exudates/IDRiD_46_SE.tif
IDRiD_47,/content/drive/MyDrive/DR_Project/datasets/IDRiD/A. Segmentation/1. Original Images/a. Training Set/IDRiD_47.jpg,/content/drive/MyDrive/DR_Project/datasets/IDRiD/A. Segmentation/2. All Segmentation Groundtruths/a. Training Set/1. Microaneurysms/IDRiD_47_MA.tif,/content/drive/MyDrive/DR_Project/datasets/IDRiD/A. Segmentation/2. All Segmentation Groundtruths/a. Training Set/2. Haemorrhages/IDRiD_47_HE.tif,/content/drive/MyDrive/DR_Project/datasets/IDRiD/A. Segmentation/2. All Segmentation Groundtruths/a. Training Set/3. Hard Exudates/IDRiD_47_EX.tif,/content/drive/MyDrive/DR_Project/datasets/IDRiD/A. Segmentation/2. All Segmentation Groundtruths/a. Training Set/4. Soft Exudates/IDRiD_47_SE.tif
IDRiD_48,/content/drive/MyDrive/DR_Project/datasets/IDRiD/A. Segmentation/1. Original Images/a. Training Set/IDRiD_48.jpg,/content/drive/MyDrive/DR_Project/datasets/IDRiD/A. Segmentation/2. All Segmentation Groundtruths/a. Training Set/1. Microaneurysms/IDRiD_48_MA.tif,/content/drive/MyDrive/DR_Project/datasets/IDRiD/A. Segmentation/2. All Segmentation Groundtruths/a. Training Set/2. Haemorrhages/IDRiD_48_HE.tif,/content/drive/MyDrive/DR_Project/datasets/IDRiD/A. Segmentation/2. All Segmentation Groundtruths/a. Training Set/3. Hard Exudates/IDRiD_48_EX.tif,/content/drive/MyDrive/DR_Project/datasets/IDRiD/A. Segmentation/2. All Segmentation Groundtruths/a. Training Set/4. Soft Exudates/IDRiD_48_SE.tif
IDRiD_49,/content/drive/MyDrive/DR_Project/datasets/IDRiD/A. Segmentation/1. Original Images/a. Training Set/IDRiD_49.jpg,/content/drive/MyDrive/DR_Project/datasets/IDRiD/A. Segmentation/2. All Segmentation Groundtruths/a. Training Set/1. Microaneurysms/IDRiD_49_MA.tif,/content/drive/MyDrive/DR_Project/datasets/IDRiD/A. Segmentation/2. All Segmentation Groundtruths/a. Training Set/2. Haemorrhages/IDRiD_49_HE.tif,/content/drive/MyDrive/DR_Project/datasets/IDRiD/A. Segmentation/2. All Segmentation Groundtruths/a. Training Set/3. Hard Exudates/IDRiD_49_EX.tif,/content/drive/MyDrive/DR_Project/datasets/IDRiD/A. Segmentation/2. All Segmentation Groundtruths/a. Training Set/4. Soft Exudates/IDRiD_49_SE.tif
IDRiD_50,/content/drive/MyDrive/DR_Project/datasets/IDRiD/A. Segmentation/1. Original Images/a. Training Set/IDRiD_50.jpg,/content/drive/MyDrive/DR_Project/datasets/IDRiD/A. Segmentation/2. All Segmentation Groundtruths/a. Training Set/1. Microaneurysms/IDRiD_50_MA.tif,/content/drive/MyDrive/DR_Project/datasets/IDRiD/A. Segmentation/2. All Segmentation Groundtruths/a. Training Set/2. Haemorrhages/IDRiD_50_HE.tif,/content/drive/MyDrive/DR_Project/datasets/IDRiD/A. Segmentation/2. All Segmentation Groundtruths/a. Training Set/3. Hard Exudates/IDRiD_50_EX.tif,/content/drive/MyDrive/DR_Project/datasets/IDRiD/A. Segmentation/2. All Segmentation Groundtruths/a. Training Set/4. Soft Exudates/IDRiD_50_SE.tif
IDRiD_51,/content/drive/MyDrive/DR_Project/datasets/IDRiD/A. Segmentation/1. Original Images/a. Training Set/IDRiD_51.jpg,/content/drive/MyDrive/DR_Project/datasets/IDRiD/A. Segmentation/2. All Segmentation Groundtruths/a. Training Set/1. Microaneurysms/IDRiD_51_MA.tif,/content/drive/MyDrive/DR_Project/datasets/IDRiD/A. Segmentation/2. All Segmentation Groundtruths/a. Training Set/2. Haemorrhages/IDRiD_51_HE.tif,/content/drive/MyDrive/DR_Project/datasets/IDRiD/A. Segmentation/2. All Segmentation Groundtruths/a. Training Set/3. Hard Exudates/IDRiD_51_EX.tif,/content/drive/MyDrive/DR_Project/datasets/IDRiD/A. Segmentation/2. All Segmentation Groundtruths/a. Training Set/4. Soft Exudates/IDRiD_51_SE.tif
IDRiD_52,/content/drive/MyDrive/DR_Project/datasets/IDRiD/A. Segmentation/1. Original Images/a. Training Set/IDRiD_52.jpg,/content/drive/MyDrive/DR_Project/datasets/IDRiD/A. Segmentation/2. All Segmentation Groundtruths/a. Training Set/1. Microaneurysms/IDRiD_52_MA.tif,/content/drive/MyDrive/DR_Project/datasets/IDRiD/A. Segmentation/2. All Segmentation Groundtruths/a. Training Set/2. Haemorrhages/IDRiD_52_HE.tif,/content/drive/MyDrive/DR_Project/datasets/IDRiD/A. Segmentation/2. All Segmentation Groundtruths/a. Training Set/3. Hard Exudates/IDRiD_52_EX.tif,/content/drive/MyDrive/DR_Project/datasets/IDRiD/A. Segmentation/2. All Segmentation Groundtruths/a. Training Set/4. Soft Exudates/IDRiD_52_SE.tif
IDRiD_53,/content/drive/MyDrive/DR_Project/datasets/IDRiD/A. Segmentation/1. Original Images/a. Training Set/IDRiD_53.jpg,/content/drive/MyDrive/DR_Project/datasets/IDRiD/A. Segmentation/2. All Segmentation Groundtruths/a. Training Set/1. Microaneurysms/IDRiD_53_MA.tif,/content/drive/MyDrive/DR_Project/datasets/IDRiD/A. Segmentation/2. All Segmentation Groundtruths/a. Training Set/2. Haemorrhages/IDRiD_53_HE.tif,/content/drive/MyDrive/DR_Project/datasets/IDRiD/A. Segmentation/2. All Segmentation Groundtruths/a. Training Set/3. Hard Exudates/IDRiD_53_EX.tif,/content/drive/MyDrive/DR_Project/datasets/IDRiD/A. Segmentation/2. All Segmentation Groundtruths/a. Training Set/4. Soft Exudates/IDRiD_53_SE.tif
IDRiD_54,/content/drive/MyDrive/DR_Project/datasets/IDRiD/A. Segmentation/1. Original Images/a. Training Set/IDRiD_54.jpg,/content/drive/MyDrive/DR_Project/datasets/IDRiD/A. Segmentation/2. All Segmentation Groundtruths/a. Training Set/1. Microaneurysms/IDRiD_54_MA.tif,/content/drive/MyDrive/DR_Project/datasets/IDRiD/A. Segmentation/2. All Segmentation Groundtruths/a. Training Set/2. Haemorrhages/IDRiD_54_HE.tif,/content/drive/MyDrive/DR_Project/datasets/IDRiD/A. Segmentation/2. All Segmentation Groundtruths/a. Training Set/3. Hard Exudates/IDRiD_54_EX.tif,/content/drive/MyDrive/DR_Project/datasets/IDRiD/A. Segmentation/2. All Segmentation Groundtruths/a. Training Set/4. Soft Exudates/IDRiD_54_SE.tif
